strength_config,regime,top8_title_share,ladder,teams_per_drafter,policy,n_eval_tournaments,spearman_mean,spearman_sd,spearman_undefined_frac,skill_variance_share,sigma2_between,sigma2_within,top_tie_rate,winning_score_mean,winning_score_sd,winning_score_p05,winning_score_p95,slot_win_prob_spread,slot_chi2_uniform,champion_undrafted_rate,p_champion_holder_wins,br_slot,slot1_win_prob,slot2_win_prob,slot3_win_prob,slot4_win_prob,slot5_win_prob,slot6_win_prob
elo_2026,resampled,0.9130799999999999,linear,4,ev_greedy,50000,0.170844671983216,0.4372318906117971,6e-05,0.03729101755576475,0.23054155527777775,5.954050591666668,0.19848,11.76764,1.4629726007003685,10.0,14.0,0.133552,0.080353613132,0.00098,0.536528130901617,-1,0.25648,0.19035433333333335,0.17202699999999996,0.12988533333333332,0.122928,0.12832533333333332
elo_2026,resampled,0.9130799999999999,linear,4,variance,50000,0.24924392309831606,0.4252490475883791,2e-05,0.07896245851979874,0.5217652449999999,5.936880046666667,0.1916,11.77908,1.4897900367501453,10.0,14.0,0.103034,0.06470505965866667,0.0011,0.5312653919311242,-1,0.20820366666666668,0.21298033333333333,0.20322766666666667,0.138692,0.10994633333333333,0.12695
elo_2026,resampled,0.9130799999999999,linear,5,ev_greedy,50000,0.18964818230082148,0.4345500024528023,2e-05,0.045950732963221205,0.3155207652777779,6.551689578333333,0.18588,12.8911,1.5466482437839575,11.0,16.0,0.14828799999999998,0.09930848435599998,0.00026,0.5198861704043051,-1,0.26650366666666664,0.19372533333333336,0.17137866666666668,0.12859533333333334,0.11821566666666666,0.12158133333333333
elo_2026,resampled,0.9130799999999999,linear,5,variance,50000,0.2536438644936445,0.4227350900076357,2e-05,0.08101538921973592,0.5870754305555554,6.535470643333333,0.1877,12.88618,1.574314138791874,11.0,16.0,0.098842,0.067437401472,0.00024,0.5097219999466539,-1,0.21158,0.21064866666666668,0.20548066666666664,0.13847466666666666,0.11273799999999999,0.12107799999999999
elo_2026,resampled,0.9130799999999999,linear,6,ev_greedy,50000,0.16418082731790834,0.43714532177727766,0.0,0.03593178455856285,0.26149664333333345,7.03198505,0.18284,13.68964,1.5927952380642028,11.0,17.0,0.12851766666666664,0.07351715976799995,4e-05,0.49887662173153596,-1,0.2528316666666666,0.18897099999999997,0.17143766666666663,0.13220466666666666,0.12431399999999998,0.130241
elo_2026,resampled,0.9130799999999999,linear,6,variance,50000,0.24199791339211435,0.4242785487525599,4e-05,0.0739379851182211,0.5664897355555556,6.983425153333334,0.18164,13.70596,1.6205247540225975,11.0,17.0,0.08780733333333336,0.050118017161333336,4e-05,0.48924756990279616,-1,0.20521133333333336,0.203561,0.20135299999999995,0.139702,0.117404,0.13276866666666665
elo_2026,resampled,0.9130799999999999,linear,8,ev_greedy,50000,0.15148290186251157,0.43853543653162974,0.0,0.03181967977789499,0.24718782000000009,7.533866049999999,0.17758,14.52228,1.637578578755841,12.0,18.0,0.11835766666666667,0.06196441788933332,0.0,0.4792026666666666,-1,0.24606,0.18677633333333332,0.17069933333333331,0.13487733333333335,0.12770233333333333,0.13388466666666668
elo_2026,resampled,0.9130799999999999,linear,8,variance,50000,0.23195671975877624,0.42485783726466714,0.0,0.0700803501245051,0.5732733166666667,7.471450360000001,0.17366,14.57916,1.665188786414321,12.0,18.0,0.08722933333333334,0.04652606931466668,0.0,0.4739960000000001,-1,0.20633033333333334,0.19948866666666665,0.20009033333333334,0.14082866666666669,0.119101,0.13416099999999997
elo_2026,resampled,0.9130799999999999,triangular,4,ev_greedy,50000,0.22344804621979175,0.42924083733013035,0.0,0.06428531382046437,4.564716971944446,66.57976473000001,0.04628,30.28118,4.8704699781027285,24.0,40.0,0.23453000000000007,0.24967584613333346,0.00088,0.7928376971735127,-1,0.3291233333333334,0.20671333333333333,0.16573666666666664,0.10617,0.09459333333333332,0.09766333333333332
elo_2026,resampled,0.9130799999999999,triangular,4,variance,50000,0.22711132744091192,0.43510048069335033,0.0,0.06478351188890182,4.593478963888889,66.84040704166667,0.0445,30.28478,4.899297944767189,24.0,40.0,0.2232,0.22938112266666674,0.0009,0.7855703466453142,-1,0.31752,0.21492666666666665,0.16562666666666664,0.10549333333333333,0.09432,0.10211333333333332
elo_2026,resampled,0.9130799999999999,triangular,5,ev_greedy,50000,0.23204043848935094,0.42683618027148884,0.0,0.06969922911175347,5.135606250277778,68.72722914666667,0.0502,31.76026,5.021468384088463,25.0,41.0,0.23569999999999997,0.2518540601333332,0.00024,0.7733372676108933,-1,0.3300416666666666,0.20600833333333332,0.16634666666666664,0.10643666666666668,0.09434166666666666,0.096825
elo_2026,resampled,0.9130799999999999,triangular,5,variance,50000,0.23112909833702389,0.43455932818818266,0.0,0.0674385273781231,4.949715250555556,68.93715726666666,0.04936,31.70014,5.035484483185307,25.0,41.0,0.21982000000000002,0.22311507746666667,0.00026,0.7647821766992753,-1,0.31446666666666667,0.21544333333333332,0.16673,0.10658,0.09464666666666666,0.10213333333333333
elo_2026,resampled,0.9130799999999999,triangular,6,ev_greedy,50000,0.22188443854423923,0.4284905653559867,0.0,0.06450214824730043,4.813879411944445,70.06531625,0.0495,32.69254,5.095116127076987,26.0,42.0,0.22530999999999998,0.23031218719999996,6e-05,0.7590122073991105,-1,0.3224633333333333,0.20491666666666664,0.16690666666666665,0.10836333333333333,0.09715333333333334,0.10019666666666666
elo_2026,resampled,0.9130799999999999,triangular,6,variance,50000,0.22375277649001768,0.4354435421078595,0.0,0.06327804644707262,4.706817455833334,70.21247348499999,0.05158,32.63444,5.10996730776235,26.0,42.0,0.20894666666666667,0.20291899493333335,4e-05,0.749769990799632,-1,0.30739,0.21388666666666664,0.16631,0.10907,0.09844333333333333,0.1049
elo_2026,resampled,0.9130799999999999,triangular,8,ev_greedy,50000,0.21836971793247817,0.4291126913203951,0.0,0.0629319029250409,4.763336013333333,71.18544842,0.05064,33.59784,5.14739422760682,27.0,43.0,0.2207966666666666,0.2227764924666666,0.0,0.748015,-1,0.3199916666666666,0.204125,0.16685666666666668,0.10932833333333332,0.099195,0.10050333333333332
elo_2026,resampled,0.9130799999999999,triangular,8,variance,50000,0.22146336368008968,0.4363737782379486,0.0,0.061867760769806344,4.673359303333334,71.34136200666667,0.05168,33.58014,5.159773016364189,27.0,43.0,0.2052933333333333,0.1936993811666666,0.0,0.7392033333333334,-1,0.3051483333333333,0.21099666666666664,0.16621333333333332,0.10972666666666667,0.099855,0.10806
elo_2026,resampled,0.9130799999999999,geometric,4,ev_greedy,50000,0.24698370300560044,0.42519090733042897,0.0,0.09109862517577456,12.496867013611114,125.04258311166666,0.00046,38.73764,4.597600159909515,34.0,50.0,0.31461,0.4470966944,0.00086,0.9994295093780652,-1,0.38483,0.21473,0.17131,0.0856,0.07022,0.07331
elo_2026,resampled,0.9130799999999999,geometric,4,variance,50000,0.24298056896514164,0.4307007891871954,0.0,0.0896657688457351,12.300806868055556,125.31178457999998,0.00052,38.71464,4.685706955241653,34.0,50.0,0.31567,0.451972868,0.00088,0.9993194010729441,-1,0.38478,0.22107,0.1661,0.08545,0.06911,0.07349
elo_2026,resampled,0.9130799999999999,geometric,5,ev_greedy,50000,0.2544442578765459,0.42324037044704,0.0,0.09501310035579807,13.211158918055558,126.20229459166667,0.0007,39.8235,4.712471511850231,35.0,51.0,0.31454,0.44714236160000004,0.00026,0.9991497789425251,-1,0.38488,0.21469,0.17125,0.08561,0.07034,0.07323
elo_2026,resampled,0.9130799999999999,geometric,5,variance,50000,0.24963896974123825,0.4283478057388828,0.0,0.09325626825524726,12.973465338055554,126.49553276333332,0.00082,39.76752,4.8112028693041,35.0,51.0,0.31556,0.45183717200000006,0.00028,0.998949705917657,-1,0.38485,0.22101,0.16585,0.08542,0.06929,0.07358
elo_2026,resampled,0.9130799999999999,geometric,6,ev_greedy,50000,0.24870978135451352,0.42392605500515296,0.0,0.09188681634504366,12.804512888055555,126.95586959833334,0.00076,40.51292,4.789600512944686,35.0,52.0,0.31422,0.446215376,6e-05,0.9987999279956797,-1,0.38465,0.21464,0.17126,0.08567,0.07043,0.07335
elo_2026,resampled,0.9130799999999999,geometric,6,variance,50000,0.2460820338142695,0.4310317878673258,0.0,0.09120590579237037,12.728970041388886,127.20395419,0.0008,40.47472,4.8792500367986875,35.0,52.0,0.31557,0.45177515,4e-05,0.998609944397776,-1,0.38488,0.22092,0.16584,0.0854,0.06931,0.07365
elo_2026,resampled,0.9130799999999999,geometric,8,ev_greedy,50000,0.24621712559681394,0.42462534655405393,0.0,0.09078047099498937,12.700874648888892,127.62034226333331,0.0011,41.21494,4.852564352628412,36.0,52.0,0.31410000000000005,0.44563362800000006,0.0,0.99821,-1,0.38451,0.21459,0.17128,0.08568,0.07041,0.07353
elo_2026,resampled,0.9130799999999999,geometric,8,variance,50000,0.2419391600443604,0.43010409319698945,0.0,0.08997871627467742,12.617274362222222,127.94492100666668,0.0008,41.22206,4.935579941242974,36.0,52.0,0.31538,0.45125928440000007,0.0,0.99822,-1,0.38478,0.22082,0.16587,0.08544,0.0694,0.07369
synthetic_x0.5,resampled,0.6475799999999999,linear,4,ev_greedy,50000,0.02135748115339501,0.44596773941450996,2e-05,0.0008798077411736081,0.006957862777777775,7.8964680016666655,0.16512,11.15626,1.7802591980944797,9.0,14.0,0.01583799999999999,0.0010417962639999974,0.07412,0.5966590342881007,-1,0.17696366666666666,0.16628233333333334,0.16932533333333333,0.16157466666666667,0.16112566666666667,0.16472833333333337
synthetic_x0.5,resampled,0.6475799999999999,linear,4,variance,50000,0.035882516325649365,0.4490135665844751,0.0,0.0020444201923481235,0.016303734444444447,7.971451486666667,0.16762,11.16208,1.785712763464494,9.0,14.0,0.015405999999999975,0.0007675491426666645,0.0755,0.5945599423111592,-1,0.1759983333333333,0.166786,0.16569466666666663,0.165244,0.16568466666666667,0.16059233333333334
synthetic_x0.5,resampled,0.6475799999999999,linear,5,ev_greedy,50000,0.02978308058992835,0.4455914163534079,0.0,0.0014596773847148957,0.013148994722222222,8.997447611666667,0.15994,12.61034,1.8745626381638998,10.0,16.0,0.020627000000000006,0.001956459366666668,0.03368,0.5564981924552252,-1,0.18010966666666667,0.16890633333333332,0.17035933333333333,0.16119799999999998,0.15948266666666666,0.159944
synthetic_x0.5,resampled,0.6475799999999999,linear,5,variance,50000,0.038301391814765856,0.4485806168960538,2e-05,0.002369963333962234,0.02161603555555557,9.100798066666666,0.15808,12.62774,1.877498999307323,10.0,16.0,0.026741666666666664,0.0021804969386666666,0.03302,0.5558984329217426,-1,0.17954099999999998,0.16864833333333332,0.16646,0.1670136666666667,0.16553766666666667,0.15279933333333331
synthetic_x0.5,resampled,0.6475799999999999,linear,6,ev_greedy,50000,0.01846054015228638,0.4462379357502319,0.0,0.0006868977002617632,0.006814115833333344,9.904630545,0.15044,13.84008,1.936890702543641,11.0,17.0,0.0059753333333333325,0.00016193985600000015,0.01072,0.5273872580732115,-1,0.1705036666666667,0.16452833333333336,0.16847966666666667,0.16541833333333336,0.16515533333333332,0.16591466666666668
synthetic_x0.5,resampled,0.6475799999999999,linear,6,variance,50000,0.03379446951842114,0.44822313603934183,0.0,0.0020204935962180224,0.020256526666666667,10.01454041,0.15204,13.85554,1.9386570889149013,11.0,17.0,0.009913000000000005,0.000418930529333335,0.01106,0.5279278823791129,-1,0.17016366666666666,0.16431999999999997,0.16774066666666665,0.16946333333333335,0.16806166666666664,0.16025066666666665
synthetic_x0.5,resampled,0.6475799999999999,linear,8,ev_greedy,50000,0.026087332026319337,0.4489003126752983,0.0,0.0011515906458362353,0.012568896666666673,10.960454200000001,0.14302,15.37996,1.99935749639728,13.0,19.0,0.011790666666666672,0.0006684780413333352,0.0,0.5007236666666667,-1,0.17140133333333335,0.1670513333333333,0.17298633333333333,0.16444733333333333,0.16291799999999998,0.16119566666666665
synthetic_x0.5,resampled,0.6475799999999999,linear,8,variance,50000,0.03865820947821895,0.4486851845488275,0.0,0.0025210073590957427,0.028180400000000043,11.163853036666668,0.14452,15.41652,2.0018669010700987,13.0,19.0,0.0160916666666667,0.0009887647866666707,0.0,0.49769699999999994,-1,0.171648,0.16677699999999998,0.17333733333333334,0.16690566666666665,0.1640863333333333,0.15724566666666664
synthetic_x0.5,resampled,0.6475799999999999,triangular,4,ev_greedy,50000,0.0282228514618721,0.44923540621042024,0.0,0.0013343228234925708,0.10867638944444441,81.47766496833334,0.03772,29.15772,5.788399122520837,22.0,40.0,0.03616666666666668,0.0049621645333333365,0.07428,0.8343379567615837,-1,0.18977,0.17056333333333332,0.16638666666666665,0.15360333333333331,0.1571833333333333,0.16249333333333335
synthetic_x0.5,resampled,0.6475799999999999,triangular,4,variance,50000,0.03325439437732493,0.45024650700826424,0.0,0.0015276259698192556,0.12530245111111105,81.91841506666667,0.0388,29.18274,5.801974327106248,22.0,40.0,0.030666666666666675,0.003925806666666665,0.07434,0.833419758154542,-1,0.18758333333333332,0.17114,0.16511333333333333,0.15691666666666665,0.15941,0.15983666666666668
synthetic_x0.5,resampled,0.6475799999999999,triangular,5,ev_greedy,50000,0.0345579268710306,0.449060130333602,0.0,0.0018980853537865462,0.1681177708333333,88.39645194166667,0.04216,31.64688,5.9687541636090184,24.0,43.0,0.036775,0.005725325999999997,0.03362,0.7892099036265927,-1,0.19148666666666667,0.17148166666666664,0.16746166666666665,0.15471166666666666,0.15680166666666667,0.15805666666666668
synthetic_x0.5,resampled,0.6475799999999999,triangular,5,variance,50000,0.04020241950448456,0.44948171893379607,0.0,0.0020998991227276827,0.1877898055555554,89.26499308666668,0.04226,31.72698,6.009143040367736,24.0,43.0,0.033116666666666655,0.0047561710666666635,0.03372,0.7914993583640353,-1,0.18908666666666665,0.17148,0.16747333333333336,0.15883333333333333,0.15715666666666667,0.15597
synthetic_x0.5,resampled,0.6475799999999999,triangular,6,ev_greedy,50000,0.02463702682138397,0.4461487422622767,0.0,0.0010325469409747101,0.09650303611111109,93.36886994666668,0.042,33.6088,6.0682948642926045,26.0,45.0,0.027483333333333304,0.002778389966666658,0.0107,0.7575272077900198,-1,0.18459666666666663,0.16842,0.16615333333333332,0.15711333333333333,0.16125166666666668,0.162465
synthetic_x0.5,resampled,0.6475799999999999,triangular,6,variance,50000,0.030152561459220725,0.4473057185357044,0.0,0.0012882280892961271,0.12139113916666655,94.20850260499999,0.04398,33.68364,6.1201304193946715,25.950000000000273,45.0,0.02348,0.0024400021333333315,0.0108,0.758451273756571,-1,0.18361666666666665,0.16866333333333333,0.1663,0.16061666666666669,0.16066666666666665,0.16013666666666665
synthetic_x0.5,resampled,0.6475799999999999,triangular,8,ev_greedy,50000,0.03258660038631787,0.4462065271065207,0.0,0.0014240589243192708,0.13954645999999993,97.92583491666666,0.0422,35.76778,6.186327979633798,27.0,47.0,0.028310000000000002,0.0033206285333333323,0.0,0.7296566666666666,-1,0.18547333333333332,0.16925,0.1687833333333333,0.15716333333333332,0.15932333333333332,0.16000666666666669
synthetic_x0.5,resampled,0.6475799999999999,triangular,8,variance,50000,0.03525094949761521,0.4459299213758892,0.0,0.0016773237653826822,0.16599713333333327,98.90760837000002,0.0431,35.86068,6.208219546504456,27.0,48.0,0.026643333333333352,0.0030970599333333387,0.0,0.7298133333333334,-1,0.18452833333333335,0.17072833333333332,0.16769333333333333,0.16060666666666665,0.157885,0.15855833333333333
synthetic_x0.5,resampled,0.6475799999999999,geometric,4,ev_greedy,50000,0.03265355615179394,0.4496341906678313,0.0,0.0018845827844981857,0.27511233277777797,145.67673263833333,0.0023,37.22712,7.056977859225576,22.0,50.0,0.047850000000000004,0.009522710399999997,0.07414,0.9994599615492623,-1,0.19863,0.17359,0.16641666666666668,0.15078,0.1535166666666667,0.15706666666666666
synthetic_x0.5,resampled,0.6475799999999999,geometric,4,variance,50000,0.03343058615104062,0.45090060593328424,0.0,0.0020054340623406348,0.29353467000000005,145.97361215833334,0.00286,37.23794,7.099546785281438,21.0,50.0,0.04422000000000001,0.008688199466666664,0.07456,0.9994489107883817,-1,0.1976,0.17467666666666665,0.16246333333333332,0.15478333333333333,0.15338,0.1570966666666667
synthetic_x0.5,resampled,0.6475799999999999,geometric,5,ev_greedy,50000,0.03848396248940018,0.4490462730880047,0.0,0.002353879001615422,0.3631541875000001,153.88358635666665,0.00156,39.52034,6.4521985620716915,33.0,52.0,0.04826,0.010239206,0.0334,0.9984585143803021,-1,0.1994,0.17488,0.16667,0.15114,0.15266,0.15525
synthetic_x0.5,resampled,0.6475799999999999,geometric,5,variance,50000,0.04193197114146382,0.45080454089693944,0.0,0.0025306645320426913,0.39192498222222233,154.45064534000002,0.00196,39.5521,6.536956905931077,33.0,52.0,0.04580999999999999,0.0095501648,0.0344,0.9982497928748965,-1,0.19857,0.1759133333333333,0.16319,0.15430333333333332,0.15276,0.1552633333333333
synthetic_x0.5,resampled,0.6475799999999999,geometric,6,ev_greedy,50000,0.03039965881571704,0.44786212727719926,0.0,0.0015910961006819033,0.2534840591666667,159.12028611833333,0.0019,41.17272,6.181430886259265,35.0,54.0,0.04716000000000001,0.009393894800000004,0.0107,0.9971292833316486,-1,0.19828,0.17384,0.16663,0.15112,0.15367,0.15646
synthetic_x0.5,resampled,0.6475799999999999,geometric,6,variance,50000,0.034817557814139324,0.45107368226542194,0.0,0.0018103552931857572,0.2897628808333335,159.700854565,0.00172,41.22076,6.22922346865161,35.0,54.0,0.04429999999999998,0.008740242799999994,0.01112,0.9969763773157512,-1,0.19762,0.17465,0.1631,0.15479,0.15332,0.15652
synthetic_x0.5,resampled,0.6475799999999999,geometric,8,ev_greedy,50000,0.03678497114618865,0.44888423596870647,0.0,0.0018923983527836066,0.3084749855555555,162.74232917666666,0.0024,42.82988,6.149593416283714,36.0,55.0,0.04757,0.0098126924,0.0,0.99426,-1,0.19895,0.1742,0.16654,0.15138,0.15288,0.15605
synthetic_x0.5,resampled,0.6475799999999999,geometric,8,variance,50000,0.03824687297230617,0.45127732571035784,0.0,0.002157750377777859,0.3538259655555557,163.5568239366667,0.00268,42.90644,6.183863398103163,36.0,56.0,0.04483000000000001,0.009166118000000001,0.0,0.99466,-1,0.19811,0.1755,0.16284,0.15437,0.15328,0.1559
synthetic_x1,resampled,0.83736,linear,4,ev_greedy,50000,0.0595456789371437,0.44394248548213483,2e-05,0.004659857343213075,0.030263794166666625,6.479549423333334,0.18972,11.7559,1.5311026059673467,10.0,14.0,0.039698333333333335,0.006658868813333328,0.00938,0.56472209323454,-1,0.18587366666666666,0.1793073333333333,0.14617533333333332,0.16696433333333335,0.167667,0.15401233333333333
synthetic_x1,resampled,0.83736,linear,4,variance,50000,0.11211904070100716,0.44491356061883663,2e-05,0.017229635111531763,0.11528434611111109,6.556676866666667,0.18508,11.732,1.535687468204387,10.0,14.0,0.048926,0.010676478765333335,0.01032,0.568782502088217,-1,0.18032033333333333,0.19499633333333333,0.147722,0.16397433333333333,0.16691666666666663,0.14607033333333333
synthetic_x1,resampled,0.83736,linear,5,ev_greedy,50000,0.07890913737881179,0.4441436511317078,0.0,0.00798524602488822,0.05814745527777774,7.2220830750000005,0.1771,13.09072,1.618891559555488,11.0,16.0,0.05294166666666664,0.012816039793333322,0.00212,0.5371046618831924,-1,0.19712633333333332,0.1845413333333333,0.147948,0.16502833333333333,0.16117133333333333,0.14418466666666668
synthetic_x1,resampled,0.83736,linear,5,variance,50000,0.1343770492105906,0.44100362827443734,0.0,0.02380358550052258,0.17858253999999996,7.2879236149999995,0.17568,13.09052,1.62508034558295,11.0,16.0,0.064885,0.022522118560000005,0.00216,0.5402439268820652,-1,0.19669233333333333,0.204719,0.144084,0.1571783333333333,0.15749233333333335,0.139834
synthetic_x1,resampled,0.83736,linear,6,ev_greedy,50000,0.05317152837361083,0.4450989302258239,0.0,0.0038328246738311496,0.03000955416666665,7.800310928333333,0.1714,14.06096,1.6790485038854595,12.0,17.0,0.03135566666666664,0.004325972011999998,8e-05,0.5087086966957357,-1,0.17953766666666665,0.17510366666666666,0.148182,0.169548,0.171492,0.15613666666666665
synthetic_x1,resampled,0.83736,linear,6,variance,50000,0.12109816865960875,0.4422222378831002,0.0,0.01944133756076913,0.15500684638888887,7.793206085,0.17014,14.08212,1.6717584471448022,12.0,17.0,0.04975033333333331,0.010030857845333323,0.0001,0.514960162682935,-1,0.17894199999999996,0.19450099999999998,0.14475066666666667,0.16567233333333334,0.16572099999999998,0.150413
synthetic_x1,resampled,0.83736,linear,8,ev_greedy,50000,0.05729924296113829,0.4426747857336382,0.0,0.004423867412719815,0.03617451999999997,8.136870833333333,0.16774,14.66448,1.703674361373088,12.0,18.0,0.03607399999999997,0.005340520459999994,0.0,0.49798033333333325,-1,0.18299633333333332,0.17537066666666665,0.14692233333333335,0.17140066666666665,0.16818133333333332,0.15512866666666664
synthetic_x1,resampled,0.83736,linear,8,variance,50000,0.12142862430395114,0.4418535273584564,0.0,0.019463994719634246,0.16225505333333326,8.149045663333334,0.16624,14.69592,1.7117053933431419,12.0,18.0,0.04790833333333333,0.011221483534666668,0.0,0.5019366666666667,-1,0.184828,0.19255366666666665,0.14464533333333332,0.16786566666666666,0.1626093333333333,0.147498
synthetic_x1,resampled,0.83736,triangular,4,ev_greedy,50000,0.08255668454984005,0.44392342563193854,0.0,0.007764495384915054,0.5796252975000002,74.15939041166666,0.04296,30.3564,5.055189317918766,24.0,40.0,0.07972666666666667,0.029019862399999985,0.00898,0.8092705831702017,-1,0.21772333333333332,0.19125666666666663,0.1443866666666667,0.15528333333333333,0.15335333333333334,0.13799666666666666
synthetic_x1,resampled,0.83736,triangular,4,variance,50000,0.08489446345647335,0.4453179530779981,0.0,0.008432045056163089,0.6344430408333335,74.53053810833335,0.04082,30.40048,5.1519448531210035,24.0,40.0,0.08007,0.02886874013333334,0.00854,0.8124214121934656,-1,0.21476,0.19481,0.1474133333333333,0.15362666666666666,0.1547,0.13469
synthetic_x1,resampled,0.83736,triangular,5,ev_greedy,50000,0.09107358892865268,0.4440661491775974,0.0,0.010241500837162926,0.8015918763888892,77.54892422333333,0.04822,32.2722,5.262135228212974,25.0,43.0,0.08405666666666667,0.03154673186666665,0.0019,0.7778378919947901,-1,0.21991,0.19246666666666665,0.14594333333333334,0.15272666666666668,0.1531,0.13585333333333333
synthetic_x1,resampled,0.83736,triangular,5,variance,50000,0.09532908425496461,0.4459499761241457,0.0,0.011123753994152998,0.8795681200000003,78.17814083333333,0.04536,32.328,5.368368094682032,25.0,43.0,0.08471000000000001,0.03181977253333334,0.00196,0.7800939842090497,-1,0.216925,0.196375,0.148135,0.15363333333333332,0.15271666666666667,0.132215
synthetic_x1,resampled,0.83736,triangular,6,ev_greedy,50000,0.07871737194659778,0.44630217159152147,0.0,0.007107190181111905,0.5691640086111116,79.58789878666667,0.04782,33.50232,5.379650046016004,26.0,44.0,0.07022333333333336,0.022913939866666677,8e-05,0.7581689868522815,-1,0.212525,0.18789,0.14594166666666666,0.15513333333333332,0.1562083333333333,0.14230166666666663
synthetic_x1,resampled,0.83736,triangular,6,variance,50000,0.078615077333407,0.4462529172757994,0.0,0.00792647293383723,0.6406326188888891,80.14182071666666,0.0459,33.58782,5.468759242058477,26.0,44.0,0.0708166666666667,0.02222430746666669,0.0001,0.7598176484315097,-1,0.209045,0.19059833333333337,0.148505,0.15567666666666666,0.15794666666666665,0.13822833333333331
synthetic_x1,resampled,0.83736,triangular,8,ev_greedy,50000,0.08241048363521794,0.44566957923110184,0.0,0.007764803005387672,0.6278414933333334,80.32118409666667,0.04748,34.17144,5.406322995012414,27.0,44.0,0.07377,0.02444667493333334,0.0,0.7509616666666665,-1,0.21438833333333332,0.18759833333333337,0.14539666666666667,0.156465,0.15553333333333333,0.14061833333333332
synthetic_x1,resampled,0.83736,triangular,8,variance,50000,0.08148040921924042,0.4462045017270103,0.0,0.008447985016393607,0.6896289533333335,80.89631923333334,0.04742,34.25736,5.503857359198183,27.0,45.0,0.07250833333333334,0.023370837266666677,0.0,0.7538716666666666,-1,0.209805,0.19161,0.14799833333333332,0.1568483333333333,0.15644166666666667,0.13729666666666665
synthetic_x1,resampled,0.83736,geometric,4,ev_greedy,50000,0.09228157551368964,0.44611948454535383,0.0,0.011609837638480563,1.6405823666666663,139.73704560166664,0.00056,38.79958,5.06616737027114,34.0,50.0,0.11850333333333335,0.06242969240000002,0.00876,0.999495581292119,-1,0.24315,0.20114,0.14400666666666667,0.1464366666666667,0.14062,0.12464666666666666
synthetic_x1,resampled,0.83736,geometric,4,variance,50000,0.09157913127091788,0.45034995194947414,0.0,0.011977997781106395,1.6978680919444449,140.12839927333334,0.00054,38.82106,5.116491031595776,34.0,50.0,0.11876,0.06239276600000001,0.00866,0.9996267678092279,-1,0.2421,0.20253,0.14587,0.1429,0.14326,0.12334
synthetic_x1,resampled,0.83736,geometric,5,ev_greedy,50000,0.09892941307279816,0.4471459790599352,0.0,0.01354287899802481,1.953228339166666,142.33395641,0.00088,40.24802,5.1053174318155765,35.0,52.0,0.11945,0.06349010240000001,0.00196,0.9988377219349925,-1,0.24376,0.20149,0.14429,0.14605,0.1401,0.12431
synthetic_x1,resampled,0.83736,geometric,5,variance,50000,0.10089167975058723,0.4479436380505677,0.0,0.013934008209352668,2.022475671111111,143.13897887166667,0.00078,40.2832,5.187261103896737,35.0,52.0,0.11924000000000003,0.06316344400000001,0.00202,0.9987775306118359,-1,0.24223666666666668,0.20325666666666664,0.14598,0.14274,0.14279,0.12299666666666666
synthetic_x1,resampled,0.83736,geometric,6,ev_greedy,50000,0.08896301511640009,0.4481190307754002,0.0,0.011191594924348538,1.6255287224999997,143.67931488666667,0.00124,41.15862,5.186395636239102,36.0,53.0,0.11855000000000002,0.06268950680000002,8e-05,0.998019841587327,-1,0.24338,0.20118,0.1442,0.14605,0.14036,0.12483
synthetic_x1,resampled,0.83736,geometric,6,variance,50000,0.0897885566963744,0.45087774708379885,0.0,0.01147711227775319,1.6765878219444448,144.43015198833334,0.00098,41.19304,5.2422262025212145,36.0,53.0,0.11818000000000001,0.06222464000000001,0.00012,0.9978897467696124,-1,0.24176,0.20294,0.14582,0.1429,0.143,0.12358
synthetic_x1,resampled,0.83736,geometric,8,ev_greedy,50000,0.09066854589500574,0.4469140642729869,0.0,0.011616799864802557,1.6935217555555553,144.14217622333334,0.0011,41.68568,5.229202896962404,36.0,53.0,0.11862,0.06283273640000002,0.0,0.99769,-1,0.24345,0.20127,0.14409,0.14599,0.14037,0.12483
synthetic_x1,resampled,0.83736,geometric,8,variance,50000,0.09156839282807454,0.4507170400783262,0.0,0.012020832972082795,1.762624545555556,144.91304198666666,0.0009,41.74228,5.298858405505849,36.0,53.0,0.11827000000000001,0.06229732280000003,0.0,0.99765,-1,0.24177,0.203,0.14579,0.14292,0.14302,0.1235
synthetic_x2,resampled,0.97686,linear,4,ev_greedy,50000,0.0774800325283807,0.44757520836430903,8e-05,0.008696562178274313,0.03728440916666668,4.29582876,0.2265,11.75182,1.2235794570030996,10.0,14.0,0.0391093333333333,0.005272705353333325,0.0001,0.5614788145481214,-1,0.18949399999999997,0.157249,0.1672513333333333,0.15038466666666667,0.16712400000000002,0.168497
synthetic_x2,resampled,0.97686,linear,4,variance,50000,0.23531862621592342,0.4129204405910184,0.0,0.07340076233182642,0.3563480302777777,4.435891701666667,0.22222,11.74878,1.2600271868495538,10.0,14.0,0.03458366666666665,0.005425512641333331,0.0002,0.5557748216309929,-1,0.15948933333333332,0.147622,0.1696913333333333,0.16024633333333335,0.18220566666666665,0.18074533333333334
synthetic_x2,resampled,0.97686,linear,5,ev_greedy,50000,0.09960220237604456,0.4467830368883751,8e-05,0.013031316877542259,0.06104030388888889,4.664295841666666,0.21976,12.8395,1.280351416604051,11.0,15.0,0.06162466666666669,0.014248226028000008,0.0,0.5442809999999999,-1,0.20787466666666668,0.164813,0.16958466666666666,0.14625,0.15785766666666667,0.15362
synthetic_x2,resampled,0.97686,linear,5,variance,50000,0.2245344450624544,0.42270715052999874,2e-05,0.06705722517632587,0.3470148986111111,4.784304161666666,0.21844,12.80492,1.314604044417938,11.0,15.0,0.016448333333333315,0.0015108000000000005,4e-05,0.5370784831393255,-1,0.17443399999999998,0.16626399999999997,0.170965,0.15798566666666666,0.17199566666666666,0.15835566666666664
synthetic_x2,resampled,0.97686,linear,6,ev_greedy,50000,0.07661527277913062,0.4497603160444701,2e-05,0.008910021136843645,0.044318118611111144,4.97670059,0.21394,13.5289,1.3339583164402102,12.0,16.0,0.031581000000000026,0.003882742194666671,0.0,0.5176403333333334,-1,0.1838516666666667,0.155967,0.16745233333333334,0.15227066666666667,0.17165599999999998,0.16880233333333333
synthetic_x2,resampled,0.97686,linear,6,variance,50000,0.2420385460174299,0.42468551215627376,2e-05,0.07906212486283926,0.43425369722222223,5.015572178333333,0.2114,13.60426,1.3596947644232509,12.0,16.0,0.020738666666666683,0.0014970541293333362,0.0,0.5173173333333334,-1,0.175514,0.16601433333333335,0.16747766666666666,0.15477533333333332,0.17161533333333334,0.16460333333333332
synthetic_x2,resampled,0.97686,linear,8,ev_greedy,50000,0.0775697707242821,0.44926056014082694,0.0,0.009238196043450162,0.04696543333333333,5.087400033333333,0.21428,13.75668,1.34498898791031,12.0,16.0,0.033968666666666675,0.004535653170666671,0.0,0.5108616666666668,-1,0.18618433333333334,0.1544883333333333,0.16893566666666665,0.15221566666666667,0.16979,0.16838599999999998
synthetic_x2,resampled,0.97686,linear,8,variance,50000,0.23940443869909372,0.4218586696256837,0.0,0.07895197629535552,0.4455665633333332,5.136111593333332,0.2085,13.87934,1.3675456717784602,12.0,16.0,0.03637933333333335,0.004348194076000005,0.0,0.510776,-1,0.18599933333333335,0.17069733333333334,0.16770200000000002,0.14962,0.16582033333333332,0.160161
synthetic_x2,resampled,0.97686,triangular,4,ev_greedy,50000,0.1110596245344781,0.44382357042369924,0.0,0.014822216115673047,0.8254318402777776,56.04549097333333,0.03724,29.89832,4.074965175016837,25.0,38.0,0.09547333333333333,0.03948266280000001,0.00012,0.8358536357696258,-1,0.22855333333333333,0.18063,0.17599333333333333,0.13308,0.13867,0.14307333333333333
synthetic_x2,resampled,0.97686,triangular,4,variance,50000,0.15951576094341427,0.43358992561360443,0.0,0.029157262824348083,1.6972605738888893,56.345096955,0.03694,29.96588,4.11044472357919,25.0,38.0,0.09703333333333333,0.03954548226666667,0.0001,0.8305863919725306,-1,0.21730666666666665,0.1891,0.18486333333333335,0.12027333333333332,0.14017666666666667,0.14828
synthetic_x2,resampled,0.97686,triangular,5,ev_greedy,50000,0.12016281041187285,0.4442572802451848,0.0,0.018045722002211523,1.0298794452777775,57.07865864333335,0.04748,31.1616,4.160077576199752,26.0,39.0,0.10145333333333337,0.04506717573333335,0.0,0.82228,-1,0.23363,0.18102666666666667,0.17551666666666668,0.13217666666666664,0.13766333333333333,0.13998666666666668
synthetic_x2,resampled,0.97686,triangular,5,variance,50000,0.16694531380672037,0.442269887512821,0.0,0.03254968302217221,1.9405402119444448,57.49121088833333,0.04666,31.24586,4.214002000521594,26.0,39.0,0.10269,0.04516541273333333,0.0,0.8178883333333333,-1,0.221855,0.19304,0.18255333333333332,0.119165,0.13781166666666667,0.145575
synthetic_x2,resampled,0.97686,triangular,6,ev_greedy,50000,0.11087634774219303,0.4424930044895354,0.0,0.015050352532733922,0.8628112452777772,57.62366455333333,0.0493,31.83762,4.2141111441916195,26.0,40.0,0.09267666666666668,0.03626044773333335,0.0,0.81136,-1,0.22680666666666668,0.17848333333333333,0.17525,0.13413,0.14155,0.14378
synthetic_x2,resampled,0.97686,triangular,6,variance,50000,0.1646234113183876,0.44116688328379156,0.0,0.03251809191464944,1.9570255952777784,57.972549683333334,0.04902,31.96962,4.26528041933939,26.0,40.0,0.09881333333333334,0.04031266373333334,0.0,0.8085633333333333,-1,0.21712333333333333,0.19235,0.18166666666666667,0.11831,0.14111,0.14944
synthetic_x2,resampled,0.97686,triangular,8,ev_greedy,50000,0.11149302429426121,0.4425508773442827,0.0,0.015348179775714317,0.8823343966666664,57.76181256666667,0.04938,32.0453,4.222275205383941,27.0,40.0,0.09380499999999994,0.03726947473333331,0.0,0.8101783333333333,-1,0.22775166666666663,0.178085,0.17573833333333336,0.13394666666666669,0.14091166666666666,0.14356666666666665
synthetic_x2,resampled,0.97686,triangular,8,variance,50000,0.16424474708093909,0.44097220080324334,0.0,0.032552332728796866,1.964792273333334,58.127113030000004,0.04958,32.17614,4.27494031541962,27.0,41.0,0.09902333333333332,0.04058888226666667,0.0,0.8067766666666667,-1,0.21747,0.1918,0.18243333333333336,0.11844666666666667,0.1408633333333333,0.14898666666666666
synthetic_x2,resampled,0.97686,geometric,4,ev_greedy,50000,0.12649318062838935,0.44888692849868944,0.0,0.022701971619202656,2.774999805277777,120.59559697166668,0.00012,38.49288,3.6951846104897115,35.0,45.0,0.13550999999999996,0.09621208159999997,0.0001,0.9998999899989999,-1,0.25397,0.20945,0.17611,0.12089,0.11846,0.12112
synthetic_x2,resampled,0.97686,geometric,4,variance,50000,0.16154038551124847,0.4492983109936991,0.0,0.026657445259109448,3.310863816944445,121.16618897833334,0.00012,38.51656,3.771965769515943,35.0,46.0,0.13915999999999998,0.09782440039999997,8e-05,0.9998799903992319,-1,0.2557,0.2071,0.17783,0.1236,0.11923,0.11654
synthetic_x2,resampled,0.97686,geometric,5,ev_greedy,50000,0.13477133921149867,0.44702911071669305,0.0,0.02526989745584408,3.1117453855555555,121.05683174833334,0.00012,39.51404,3.7534574565858607,36.0,47.0,0.13546,0.09621264200000001,0.0,0.99984,-1,0.25394,0.20949,0.17612,0.12089,0.11848,0.12108
synthetic_x2,resampled,0.97686,geometric,5,variance,50000,0.16668667664534667,0.4481774743242777,0.0,0.028555561786527458,3.5688066519444437,121.73183026333332,0.00012,39.52376,3.8392389170771857,36.0,47.0,0.13925000000000004,0.09790511000000003,0.0,0.99982,-1,0.25574,0.20708,0.17788,0.12359,0.11922,0.11649
synthetic_x2,resampled,0.97686,geometric,6,ev_greedy,50000,0.12710723109252361,0.45013866673883474,0.0,0.02255426504774396,2.774628087777777,121.38868562833333,0.0001,40.0759,3.8202799884301677,36.0,47.0,0.13541999999999998,0.09616292599999998,0.0,0.99977,-1,0.25392,0.20948,0.17611,0.12089,0.1185,0.1211
synthetic_x2,resampled,0.97686,geometric,6,variance,50000,0.17067579609163608,0.44717301891468375,0.0,0.02945964977571973,3.6916383588888886,121.97279619166666,8e-05,40.17546,3.8900583271205584,36.0,48.0,0.13916999999999996,0.09787130239999997,0.0,0.9997,-1,0.25575,0.20707,0.17783,0.12356,0.11921,0.11658
synthetic_x2,resampled,0.97686,geometric,8,ev_greedy,50000,0.127763457647964,0.44925487901008576,0.0,0.022814183457578702,2.8104223688888883,121.52163050333334,0.00016,40.26558,3.835174997780414,36.0,48.0,0.13544,0.0961791776,0.0,0.99976,-1,0.25393,0.20948,0.17611,0.12089,0.11849,0.1211
synthetic_x2,resampled,0.97686,geometric,8,variance,50000,0.17182647748755217,0.44752336873307025,0.0,0.0298270578466638,3.7434170588888884,122.12545904333334,0.00012,40.37182,3.90567918390643,36.0,48.0,0.1392,0.09789336319999999,0.0,0.99972,-1,0.25575,0.20707,0.17786,0.12356,0.11921,0.11655
